,NZ,Unemployment,CPI,Export prices,Import prices,HPI,OICR
1990-03-31,0.2,7.2,7.2,-0.2,-0.4,2.1,13.45
1990-04-30,-0.19182362974447428,7.4212620417270525,6.598068490348485,-1.095622622681478,2.348571575140999,1.2907013453741658,13.052946945756743
1990-05-31,-0.41362899499772815,7.579600780840008,6.622747978393815,-1.9837322377727706,2.3165665152702717,0.8634497254039858,13.033315726449668
1990-06-30,-0.5002806169571603,7.7010058659751595,7.004230198018373,-2.7052858173902594,0.6816038749854061,0.6993439830455722,13.25263223312013
1990-07-31,-0.48664301682016875,7.811466945768796,7.472706883104537,-3.101240333650326,-1.378697291116015,0.6794829612550368,13.572422356809472
1990-08-31,-0.407580715784152,7.936973668857208,7.7583697675346865,-3.0125527586693526,-2.686717928436405,0.6849655029884919,13.854211988559054
1990-09-30,-0.29795820599570877,8.103515641155862,7.591411288991533,-2.2801810386134234,-2.0648424605365534,0.5968907094923096,13.959527267583736
1990-10-31,-0.18740043192031222,8.329377421739855,6.8289599930537115,-0.9207608980939815,1.0372305661874268,0.34294242899588306,13.794654442233357
1990-11-30,-0.08567653797778303,8.603644509247061,5.8091817457604735,0.38332308865065556,4.792531789826338,0.02734215716790589,13.435502757172333
1990-12-31,0.0021470853538647014,8.908486801328761,4.984170298383022,0.7920146608555317,6.811066401747887,-0.20387813787920553,12.998154993085977
1991-01-31,0.07377517142319147,9.225332177035625,4.677383271472275,-0.19783121042564658,5.4736491266575,-0.27051060178326397,12.573964051867703
1991-02-28,0.13713436916948324,9.532871412359505,4.7377748882460775,-1.8465864451963667,2.0043996006992817,-0.3351544782036982,12.163061096722972
1991-03-31,0.20250734049005883,9.809164791341635,4.904917724466384,-3.1281482632162887,-1.717133536662199,-0.6163764055108716,11.744549125084133
1991-04-30,0.27158784704956085,10.04343943718764,4.959558148807333,-3.2920736914465034,-4.162606047774533,-1.215461088586287,11.307848272489112
1991-05-31,0.31522963693630135,10.265019046832661,4.830284546732362,-2.5777265966338976,-5.064737186996456,-1.8125710486709785,10.879424241501345
1991-06-30,0.2973675984111101,10.512221659003933,4.478859250768101,-1.4465430790833134,-4.439197035284564,-1.9933978687413738,10.494052861487607
1991-07-31,0.18868788621478289,10.799631261925681,3.9102862425481657,-0.29543872527364984,-2.4650938244295064,-1.5169141348276667,10.166798634785525
1991-08-31,-0.016524791437580857,11.058871222786223,3.2807174952417495,0.7041975702678813,0.10717822563883783,-0.7477833842474395,9.843826575566007
1991-09-30,-0.31882983877680676,11.20345429188593,2.779300660068702,1.4302315675031239,2.4025037892506975,-0.18290752577913202,9.456260670427639
1991-10-31,-0.6980798607675468,11.184411912388937,2.5231266195959106,1.8165787859488087,3.750645902158717,-0.14716083983744288,8.966317098025238
1991-11-30,-1.0636642016536948,11.08044805681456,2.384083952981463,1.9878867249938097,4.178549101292032,-0.3800240135176596,8.44201579775308
1991-12-31,-1.3100045697631397,10.99739116267506,2.1819652604289774,2.1093261147372564,3.8613343659997845,-0.4966000413268514,7.973856518871974
1992-01-31,-1.3652502834488,11.001851474744432,1.8027328134001765,2.2949935253784743,3.0368487741095893,-0.24957882136423146,7.62672798648388
1992-02-29,-1.2692922756425673,11.030506990175482,1.3515730115133247,2.489773742284316,2.150754766441647,0.15251600431762186,7.3806680516321785
1992-03-31,-1.0851297344658608,10.993175175490869,0.9789983259900428,2.603569189585076,1.691626422067142,0.406920438140429,7.1981669324721524
1992-04-30,-0.8696021238521758,10.838269417072198,0.7917030646685724,2.591018117570721,1.9237445045522212,0.32287231591143967,7.045063072245314
1992-05-31,-0.6596786625426236,10.63870711603051,0.7550314320798817,2.5510691072468,2.387856866227601,0.07090874974789363,6.897995731144199
1992-06-30,-0.48832119881526814,10.492449727563775,0.8058822498638367,2.6116777065373613,2.47919306634905,-0.1057474986121825,6.735781718397873
1992-07-31,-0.36887523587254023,10.465289437872237,0.8875561601780031,2.813489930570086,1.8290726406320115,-0.03334303558387079,6.546180787292837
1992-08-31,-0.25306819679802306,10.521969609492803,0.963462948246368,2.922898575218802,0.8104115347583055,0.24366112620903524,6.345043910010111
1992-09-30,-0.08057660602525375,10.607446730695573,1.0009617529218582,2.652691653171836,-0.05872124926501731,0.6380651433488357,6.153738412972104
1992-10-31,0.18001851778433797,10.671047724338639,0.9871906363430514,1.9009304396157238,-0.40304483179080286,1.0558821278549408,6.020118810144518
1992-11-30,0.47171804561913777,10.675468561173968,0.9697908823236686,1.1324223925051786,-0.28406355625758406,1.382363795599073,6.073063246372237
1992-12-31,0.7206955938776534,10.585975280706464,1.007908287942572,0.9197408605568833,0.15345573739100726,1.4988470417460424,6.456797320639059
1993-01-31,0.8816994308949846,10.398532460336567,1.1273540817628416,1.5242101297928459,0.7210370864474653,1.3428589282053562,7.190710213838827
1993-02-28,0.9946077105504134,10.200562065054962,1.2546288162731667,2.279878201584987,1.0999858775490485,1.0193288171594959,7.9222772159341
1993-03-31,1.1150758394694442,10.096391030112805,1.2978633013977767,2.3492516853340066,0.9476683746693604,0.6642070996679008,8.230186300423675
1993-04-30,1.2930957728557002,10.136015948432933,1.2100522569439378,1.2914284489765668,0.13879150789304825,0.398126147565338,7.868134211019126
1993-05-31,1.5622252705773085,10.21177770231989,1.07437643304026,-0.18366568577788067,-0.8212589548017392,0.2972685261394832,7.097657893608353
1993-06-30,1.9530321888579425,10.187652652261757,0.997450738879291,-1.1590356854278405,-1.3137071059503065,0.4297382385266366,6.2717899935250365
1993-07-31,2.473763296112561,9.988249753279172,1.0460380407527783,-1.1440681348072141,-1.029726885051053,0.8104141181746619,5.6587970085773005
1993-08-31,3.069570953686095,9.70956645337013,1.1742525276610867,-0.8533908518380477,-0.5366189680402305,1.3037248703175284,5.2873392908704835
1993-09-30,3.6745628455659554,9.477609370088041,1.3164662122442499,-1.2123699782444375,-0.5548935680528743,1.7477938388614078,5.1439944679705345
1993-10-31,4.240540072719806,9.375709294895476,1.4223457575580798,-2.6391012364888717,-1.4486261539207967,2.0448313102985303,5.183681349847893
1993-11-30,4.768027230843106,9.369677865670216,1.4836756843751053,-4.15477732990232,-2.600355027050801,2.273527886523064,5.274137834276967
1993-12-31,5.265844838807427,9.405276455355777,1.4994385901420135,-4.543252821648531,-3.22566230175034,2.5425887046029985,5.268357267595764
1994-01-31,5.731784381442058,9.430834539569938,1.4748986063959464,-3.2024982618839086,-2.859792927454342,2.900785224450996,5.097547690504898
1994-02-28,6.134046385890143,9.401571827225231,1.4321732544416268,-1.1781606986159572,-1.8956489604502198,3.236086527650139,4.902767589577536
1994-03-31,6.435940313018084,9.273909211304725,1.3961490700444812,0.21177075422677963,-0.8681578827939485,3.4099202226369862,4.859738494542282
1994-04-30,6.6107233968401165,9.03285926370678,1.3777774166247718,0.20375973168722886,-0.15486854319954735,3.356338797609269,5.062238427941462
1994-05-31,6.657659633410043,8.738182641032843,1.351578518113038,-0.5162076611484687,0.27810989633176786,3.1992601446125275,5.389818040984167
1994-06-30,6.580248818327484,8.461649245869927,1.2862583734539883,-1.0289974588313213,0.530984913923381,3.0931072770891306,5.6876171155363995
1994-07-31,6.398257550521756,8.25192685423513,1.1782353741794145,-0.7521194178058944,0.6670972385072529,3.1339562820668845,5.870168746644179
1994-08-31,6.172894911583356,8.098826596472456,1.0945300040707366,0.03925885318127209,0.6558632069161202,3.2692344040653736,6.028797444358462
1994-09-30,5.971789733284793,7.98290948635705,1.113146276367246,0.9356401124994044,0.45217711162894875,3.4230263624466715,6.28242713947809
1994-10-31,5.832091633470201,7.879678654521529,1.2771800224775725,1.6223524112426924,0.09003976554365646,3.513796079482609,6.697549760968059
1994-11-30,5.715271337452062,7.752078672979498,1.5430511986566795,2.0201719047208027,-0.20012911238321573,3.4460512218823105,7.210470290015558
1994-12-31,5.571350098096212,7.561223517490609,1.854015746064369,2.0856632806459037,-0.15859997176329488,3.1224167439570745,7.737671542031544
1995-01-31,5.380858318249879,7.295238766143094,2.172201267014457,1.7334700396806029,0.2666187917883684,2.5234938844957524,8.208214140273498
1995-02-28,5.198163185975439,7.00762218473507,2.505407655318,0.7767800311163455,0.6247613440047591,1.8185983555634515,8.5815989168218
1995-03-31,5.088465517743852,6.761471240131923,2.8681705970147835,-0.9848234565793405,0.3918685548020572,1.2048656510178584,8.821953650381117
1995-04-30,5.084680950709627,6.593524396456249,3.264632093213593,-3.352428205802846,-0.577380920136709,0.8331597989787012,8.924594521228205
1995-05-31,5.1435590616855835,6.478334884978905,3.6744137288326426,-5.185039224231189,-1.5350394686305542,0.7451828118633763,8.958416290474572
1995-06-30,5.210926153500387,6.381564927426266,4.073518800853056,-5.209204462380878,-1.6066340531276582,0.966659641425508,9.00274147413417
1995-07-31,5.246083130869738,6.286528954942962,4.417433582771115,-2.965843282681206,-0.46222965580468317,1.464018106891858,9.09346921532347
1995-08-31,5.2393217432994605,6.217140511498671,4.614456320139462,0.13111540160420931,0.9757011826150579,2.0673058771852384,9.166627282775352
1995-09-30,5.18532157561278,6.202910589524315,4.566624520771949,2.408618302416781,1.6119317634092558,2.587962650076399,9.144476878796908
1995-10-31,5.088958274657857,6.253997856964546,4.2516493244121065,2.893270199497474,0.9301638311610152,2.944724325267859,8.99749653655407
1995-11-30,4.977971485863352,6.337164666745403,3.816935013978657,2.180613078919669,-0.28769190675614364,3.296931479312845,8.80428898280978
1995-12-31,4.883124673064673,6.413314335759739,3.432592821906419,1.0783226430379937,-1.0854034120790181,3.835724609151641,8.65801106353387
1996-01-31,4.818175420779128,6.452421497136869,3.1937919625722273,0.12577163461510354,-0.9627275893743947,4.569290499452033,8.620697290496713
1996-02-29,4.75969668022511,6.4442958987615375,3.0318352951917555,-0.7243317905109752,-0.4164754390505381,5.1057738921108085,8.68633085257226
1996-03-31,4.679418894905675,6.381499255796133,2.8566091854853237,-1.5959034371825396,-0.07370748151006482,5.001928499350245,8.839859999423227
1996-04-30,4.561849377774951,6.2791567665379615,2.6210160483668314,-2.450139866692813,-0.2892519858324994,4.074783178488739,9.059569468951278
1996-05-31,4.418739720147778,6.200506026273975,2.3696819578746036,-2.9012693643524026,-0.837452990417037,2.6963547305288587,9.3095353096782
1996-06-30,4.2653766526513675,6.2146148509825245,2.158901888762936,-2.5216746192041914,-1.4186264194711713,1.3094097346970477,9.552029900192895
1996-07-31,4.122835566799029,6.335983279196069,2.0278971300308104,-1.3086164198749317,-1.8128720713387108,0.2762215848472373,9.752587610533652
1996-08-31,4.024229910102823,6.465632606513899,1.9803826611400535,-0.14292888154682815,-1.9662076938768667,-0.2083293530357928,9.883526423824348
1996-09-30,4.003914860403616,6.490969149344719,2.0155810693057483,-0.010921352567118835,-1.8458103654980367,0.028249039276702588,9.918003791323478
1996-10-31,4.059350273225544,6.37546461254837,2.1234435655777357,-1.2306041194358643,-1.4859121050645683,0.9426925894502843,9.828270399605545
1996-11-30,4.113158886409574,6.2368789432249,2.275115641863285,-2.7644341790067903,-1.0567567116479974,2.054104983895636,9.584737687039432
1996-12-31,4.0793196730142,6.211037743364499,2.4394110108053533,-3.415973406524852,-0.7443459627857296,2.830455574479526,9.157951802367808
1997-01-31,3.9256620602963257,6.354504243371448,2.577991173250205,-2.662764655991457,-0.6430904949591628,2.9785443156190534,8.564744600644525
1997-02-28,3.726562608556551,6.567015170021903,2.6383664464895196,-1.3158723288381227,-0.6661810526918457,2.677715290905704,7.913527653042244
1997-03-31,3.5685865259490526,6.730382055349042,2.5667120304310664,-0.3389055124567821,-0.7054407898216293,2.1623853918155014,7.323363048733472
1997-04-30,3.499103217756173,6.785913427136467,2.3479859890703465,-0.20421201263904445,-0.6440207588069422,1.6132847886084305,6.900225589742587
1997-05-31,3.489827237614435,6.789757567862628,2.0420041929529913,-0.43591822738107844,-0.34833331828577824,1.1075187572610177,6.724829292624763
1997-06-30,3.5038030572715915,6.8108152335670376,1.716997047642429,-0.4526922980457271,0.31538285908182007,0.7103071487737413,6.873903290199146
1997-07-31,3.4994143385132053,6.880766525597061,1.427988810643309,0.03707496570894442,1.2926167939339461,0.47940480022731086,7.304346426781907
1997-08-31,3.426267855113827,6.9612003979287564,1.205134911185968,0.7794087388910672,2.174317209213127,0.45850899396277234,7.747402128199727
1997-09-30,3.2335231335594763,7.006261469545724,1.075532530858827,1.461156450089591,2.514783613402935,0.688632248392673,7.911393468222955
1997-10-31,2.922626957438981,7.001072102672788,1.0356492070946453,1.8873494167384408,2.1254592517235293,1.0980389234708945,7.70882607818554
1997-11-30,2.591097260273957,6.987672302195856,1.025674422229878,2.0801667420607366,1.2902561094883311,1.4078330529817893,7.427364933939778
1997-12-31,2.3459679680902235,7.013992283401722,0.980284123531519,2.084918035645713,0.34357614995167657,1.3188625461722912,7.3929229614514735
1998-01-31,2.2211396362922584,7.107886315827393,0.8826043134838727,1.9309889132006008,-0.3998325902545298,0.7139385579864636,7.746030768908808
1998-02-28,2.119393836866837,7.261215010089239,0.8026258817308779,1.6192152617380486,-0.660459105924683,-0.19789042348957636,8.294851662895951
1998-03-31,1.9306648612726482,7.461869600445302,0.8187809022522541,1.1486660275518028,-0.16643785187370272,-1.1742299624421109,8.813503222141131
1998-04-30,1.6129065536917369,7.6786820133726295,0.9584726338309238,0.6210529122827876,1.0149772626516507,-2.024242334891429,9.122387832565563
1998-05-31,1.2430791590381916,7.847138181018011,1.1598247768426648,0.31767046376862557,2.22321196573931,-2.6472929784973833,9.122887364548733
1998-06-30,0.9096690275728287,7.900112500536765,1.352373946088285,0.5340360383241547,2.7434622883776814,-2.9520686781729006,8.725738686283862
1998-07-31,0.6631537458382113,7.830016181918307,1.4989080040648615,1.2575742120781326,2.3062797816068503,-2.8647074769123857,7.935390885453603
1998-08-31,0.48911169817859446,7.730918349705734,1.6189906522202546,1.9496473144274105,1.4026516202142738,-2.3411450910899267,6.916304786143715
1998-09-30,0.3669537983331302,7.705844302328783,1.7371531797331554,2.025141679547507,0.5941716216366396,-1.3425141512319307,5.848133855725672
1998-10-31,0.2892324205302329,7.785405406245955,1.8349512115863749,1.2641588342884376,0.16642860784037297,0.0020902218969527653,4.8771363405760875
1998-11-30,0.270400214271038,7.879535037440988,1.8223213258017101,0.05543229582386078,-0.054951582955079126,1.2836630166404377,4.093917271572842
1998-12-31,0.32677866515216747,7.8876695293681856,1.6037590200493794,-1.1560715472224992,-0.28553374817886046,2.0704608963527997,3.5830520183445618
1999-01-31,0.4605531205560261,7.773483409906079,1.1759721431877064,-2.023603239725847,-0.5770576710477677,2.1901174773350895,3.3772103879218816
1999-02-28,0.6509147946965583,7.605142375221679,0.6856630511224242,-2.36017501069634,-0.7147819971413616,1.8921742623635864,3.424631531630612
1999-03-31,0.8752472660209499,7.459788138351225,0.29196565363571564,-1.9965631259017873,-0.4636680863863675,1.4632535875150192,3.6654318335423586
1999-04-30,1.1303256899817578,7.375252443469222,0.06853625617687696,-0.9623503762086274,0.1448366016099567,1.0849590415409978,4.015738334370062
1999-05-31,1.4437151314719454,7.326950740241363,-0.04669001494681577,0.3972158214653143,0.6561584801587712,0.7721456440185602,4.353587840631521
1999-06-30,1.8451998961196192,7.284786591089533,-0.12737214464930965,1.710435548722358,0.5865769427752168,0.5247307427878509,4.555058495209028
1999-07-31,2.3335495450191353,7.220748718272484,-0.21916196211632227,2.7015558416324965,-0.04037714207895837,0.3354606255170471,4.581802524609124
1999-08-31,2.8594607852376224,7.110057841796087,-0.32430020515483965,3.2435415156908722,-0.414933119774761,0.18596643660772372,4.528111984955987
1999-09-30,3.3698795444616905,6.9289334949966,-0.4408475826825205,3.2257672054176956,0.3271638065607716,0.05726916964576764,4.498792232041448
1999-10-31,3.8333943857124564,6.694164864934763,-0.5417763229370685,2.7411836706890793,2.310057425698654,-0.050136164234754546,4.5481848760973875
1999-11-30,4.251343345327113,6.483930834129169,-0.5620949535315104,2.1907915360154915,4.537961104993169,-0.10628661673809997,4.654270166407728
1999-12-31,4.627867836420735,6.380308022922551,-0.43466712299080484,1.9955539491495882,5.9336493782955495,-0.07996038598151488,4.789047029740163
2000-01-31,4.971198607150054,6.40124524484109,-0.14605736659422314,2.2760093841482556,6.04323211709566,-0.0030963199465773167,4.94435031766025
2000-02-29,5.295607756708001,6.4699525384712295,0.23783514417602133,2.708865986845357,5.333699372576145,-0.0009432188741689829,5.141319348990949
2000-03-31,5.615071706265264,6.502905162669671,0.6450868884824821,2.9426203139691873,4.343025004212901,-0.20326246977831722,5.40277544621887
2000-04-30,5.904620098617041,6.461073409966921,1.0218822196445112,3.0005061539794933,3.4515754437440886,-0.5903928136409513,5.717799132166644
2000-05-31,6.083104938359147,6.369608129223323,1.3405246629737937,3.446286024594714,2.8123809112292752,-0.9271426780853762,6.026802502764016
2000-06-30,6.066588495498242,6.258476830534751,1.5760945293516577,4.8722319604571735,2.561466786819095,-0.9659210394994628,6.267158693720822
2000-07-31,5.845517223175572,6.14917837872259,1.738567393765153,7.233195077135054,2.8675049558776093,-0.6648653998771983,6.411470753201198
2000-08-31,5.5150998893337215,6.051284440583076,1.8870651481906024,9.58628602749424,3.9451464798812896,-0.27186029687150415,6.481959363433815
2000-09-30,5.1769769630012,5.973210219981695,2.083828593597387,10.931033909809862,5.992323848688171,-0.05216217009877624,6.504526417471163
2000-10-31,4.868388409386967,5.911892374482154,2.3653944769716237,10.709472940309391,8.312196825681818,-0.07443768520101172,6.502730650210797
2000-11-30,4.538008217902637,5.848481836480531,2.7329503711788434,8.972186884406467,8.977400334579565,-0.13699591539210415,6.4969083980265
2000-12-31,4.129435684320005,5.76343191782501,3.1834855317986297,5.827025933378307,6.027798986941692,-0.023121861244681456,6.506501246008592
2001-01-31,3.643517129519031,5.6560751411679115,3.6457160485001316,1.9277568921299366,-0.11881198977507057,0.2895622140471183,6.523254100747129
2001-02-28,3.157977028577948,5.551097292088321,3.956672635746529,-1.338731293630945,-5.8512676477426115,0.5624547210435501,6.50171745538446
2001-03-31,2.7547842261395417,5.474496743938742,3.9513322048777013,-2.5650168306696215,-7.412897673934754,0.544544147656659,6.395114885642601
2001-04-30,2.4700654667758855,5.433692942639119,3.638810302877753,-1.5728501553419458,-4.17436821464695,0.21981142213756227,6.207704271105138
2001-05-31,2.279829466984097,5.41174064577114,3.256590535141256,0.20406311738145622,0.39241793080245024,-0.11958986274828909,6.01067065454425
2001-06-30,2.15639585868584,5.390532604944801,3.0526943754052587,1.24762142901062,2.606789490680685,-0.16667725342390702,5.878007631717032
2001-07-31,2.086633128827141,5.370403392671435,3.0889759729146324,0.976675780723375,1.396276171991162,0.15722306006432857,5.8186134609055165
2001-08-31,2.0760424583060444,5.375305990209778,3.1888653002133,0.01003072760937651,-0.9712737488140091,0.6383903950376518,5.758018912101855
2001-09-30,2.1312781711542335,5.429712591405055,3.1635396955218433,-0.9637096524449525,-2.058772588565241,1.0482233406567358,5.618095480240204
2001-10-31,2.2566476777481363,5.521418952095189,2.9437100892544494,-1.5666859617801825,-1.190323165200436,1.3099128221613088,5.384859114258272
2001-11-30,2.453523000141961,5.592347991004554,2.609593342668479,-1.8097008668423467,0.10717313912162929,1.5365031280498962,5.1245540581549065
2001-12-31,2.7223634503719625,5.583077301492679,2.2507187082014135,-1.7332450466554266,0.2060320728921102,1.849187210468348,4.907709659411478
2002-01-31,3.038898993592104,5.486820748140546,1.9525657203117701,-1.5535206345221513,-1.2236656968485158,2.2390355765485976,4.778475994583737
2002-02-28,3.3486519894991167,5.361088908312055,1.795667066964085,-1.7013663374663992,-2.926582487481091,2.5381704401730785,4.748780105297898
2002-03-31,3.596669013054614,5.266402795148732,1.8572663662164024,-2.603582047988619,-3.582445358219663,2.5747941627764956,4.82777280273587
2002-04-30,3.7720263007010977,5.234186986856461,2.1179466308551302,-4.1341238180685265,-2.8888034287898208,2.362972986749196,4.998186665558521
2002-05-31,3.9163287547801064,5.261153169055055,2.442971962070805,-5.507388929159019,-1.7574971208042123,2.138514166722863,5.211236553165071
2002-06-30,4.073149107880217,5.341158666288194,2.6934129708597117,-5.921634605905526,-1.1496801528185292,2.1436067956507108,5.41688399810352
2002-07-31,4.251862475163494,5.442774357450136,2.8093169966188727,-5.26854649555758,-1.3537912556626552,2.4167598262936103,5.583371957313921
2002-08-31,4.421996113168604,5.505106767273872,2.8227568982017845,-4.247809159579687,-1.8744060216794176,2.7591493782635617,5.700245328322483
2002-09-30,4.551615988899063,5.4677131510721795,2.7709975803144076,-3.587810435696155,-2.1870749630949096,2.9658116522040165,5.75883875059814
2002-10-31,4.631909306861609,5.332244472066422,2.6913112271455217,-3.520852765828993,-2.2139631078377096,3.0448235388384393,5.767764556786157
2002-11-30,4.680377318403347,5.171019915201499,2.620978307589777,-3.7146488142053684,-2.3855229526258652,3.246721386213583,5.755298647603023
2002-12-31,4.7153113666475095,5.05831372234394,2.5962014365445043,-3.8126702740209084,-3.140204726747309,3.822034442369872,5.749976080391018
2003-01-31,4.737089031869752,5.01561292562493,2.622936291137843,-3.638286558510861,-4.366678580123164,4.651827764282638,5.757653824108292
2003-02-28,4.726174802075777,5.005725842542748,2.6735157933120464,-3.2148429279051824,-5.342474415827804,5.206466848498249,5.75897969035493
2003-03-31,4.6630474876356605,4.989003576934834,2.7180936480133377,-2.580220423794084,-5.338484152587472,4.959890993852851,5.733630866153547
2003-04-30,4.556439096828122,4.942067306701007,2.715476932450918,-1.8819850800668732,-4.303021725143885,4.056612249706463,5.6705531188374545
2003-05-31,4.4457578173892776,4.859203598039292,2.612153014404191,-1.3867944585322363,-2.9199184917490184,3.3692234335089046,5.568755665330546
2003-06-30,4.370644543809011,4.7367539743357545,2.3574009973684413,-1.3533303139378592,-1.8928109353811502,3.7730394181419875,5.428416016535727
2003-07-31,4.337240739837216,4.60099904841598,1.9878955398991816,-1.6826646638104505,-1.4866995944332109,5.276499227699328,5.266706759051835
2003-08-31,4.3161609228751905,4.509970552475289,1.6329963739141535,-1.896615858753463,-1.501401112359705,6.968699345506518,5.11882416313745
2003-09-30,4.277643984453428,4.520190762988065,1.4224760142978188,-1.5234758055768083,-1.7209691342135638,7.920849409862195,5.01983522959087
2003-10-31,4.224733783421879,4.613605535731634,1.3866115457456432,-0.6988689743765759,-2.093003869455884,7.852752868236873,4.980319339451878
2003-11-30,4.194456296797232,4.694908256883182,1.4526143972916665,-0.1875455018322445,-2.73452068420257,7.156080670691597,4.985489557124349
2003-12-31,4.224401209900253,4.66903203740289,1.5439827222896652,-0.7352404249366032,-3.747229510829221,6.2455699631887,5.019635124000655
2004-01-31,4.328446620798847,4.530553513828899,1.6090584787990605,-1.9567808616518336,-4.689018439531778,5.347221902116127,5.072926756362947
2004-02-29,4.496478763090776,4.3647524584008055,1.621321089911212,-2.3227183809325833,-4.567525600672209,4.49607074509548,5.141486165968098
2004-03-31,4.716249020227783,4.25781496244405,1.5583048163636555,-0.34107743403053636,-2.431777028795687,3.719259052998466,5.2218997416491675
2004-04-30,4.9514222748763315,4.225634941166266,1.4637243225971117,3.49192563853117,1.1868658244899808,3.0571695820087212,5.31526773971332
2004-05-31,5.1418582916931355,4.214635299329656,1.4467015455379313,6.715109017346242,4.292022995847108,2.56327060931108,5.427151552141167
2004-06-30,5.229001995974798,4.170115542761471,1.6131608152608585,6.893960813194123,4.912866724098162,2.288434206159847,5.562988063540998
2004-07-31,5.210433619938495,4.076987414736464,1.9398011693692658,3.9770169439118948,2.977745309972388,2.215411956496481,5.721422111416955
2004-08-31,5.1379241587185955,3.958402716095526,2.2785727561957154,0.21331163787908292,0.24839508313407066,2.2611946712252693,5.894541764734216
2004-09-30,5.063156345973,3.839078250354925,2.482287593583873,-2.1337264792085398,-1.5030476054859754,2.345262746272257,6.073830444236736
2004-10-31,4.990163589408638,3.7438544758927423,2.527108309453689,-2.447245575920193,-1.8389141844724581,2.4943287048610774,6.243775799890663
2004-11-30,4.878049308130567,3.697688448991034,2.5055085475506935,-1.6630008120458624,-1.5798460569287918,2.8362174817989727,6.382268958101007
2004-12-31,4.686466331730617,3.7234832271665237,2.5112438570894677,-0.7511300468475732,-1.5596453501395562,3.488915213400123,6.468375896002454
2005-01-31,4.420938296576292,3.803132233351466,2.573194800079359,-0.1598346279662688,-1.896168776557141,4.295804931338544,6.50969523877087
2005-02-28,4.129236504976104,3.880758433316564,2.660491151917742,0.14339505312583523,-2.0478771311884696,4.847356299360508,6.540104586546524
2005-03-31,3.8594682334264014,3.9018263244395373,2.7406554472710973,0.21442636027918036,-1.4784061668837913,4.7479433198309104,6.592705969112994
2005-04-30,3.635987750235598,3.8644771445484856,2.79312584128279,0.21293171630704646,-0.22163627577839307,4.048906481324496,6.666973182788051
2005-05-31,3.4617811831026133,3.8142399817972326,2.808059748391054,0.3919662885723033,1.1755616463195293,3.203676089819928,6.732128157874753
2005-06-30,3.338640757977595,3.795868382417463,2.7782207301986257,0.9828445727185359,2.1671146687269296,2.663507091291531,6.758205409965579
2005-07-31,3.2603998050909513,3.8087171354476324,2.737333961609868,1.755147408175891,2.5584763561417607,2.5755765523320737,6.7500689856018425
2005-08-31,3.213898449891015,3.812250721385564,2.7551161620987283,2.0727463341936376,2.463974375283672,2.819878885672538,6.7431864284638
2005-09-30,3.186317328134371,3.7679859001947245,2.8970403945350274,1.333567381053154,2.011291555366476,3.2640116870317173,6.7724905891314675
2005-10-31,3.175090835157758,3.6978774436052606,3.131650824658431,-0.21612627877820312,1.378526863013604,3.7169958406859287,6.844977398345909
2005-11-30,3.1864531904144253,3.6757483058750227,3.344306788304471,-1.6020245955499477,0.7870466282355555,3.9375814249707237,6.9436671924315
2005-12-31,3.2256557894077407,3.7709768269063386,3.4238182851102086,-1.8641378318041644,0.45945699177197785,3.698544603294775,7.050892087078348
2006-01-31,3.2763009840874266,3.948351172048283,3.363966360195926,-0.6901499429608267,0.6155603017032836,3.0399047916843283,7.1505172253000495
2006-02-28,3.3038448429837084,4.084991756080043,3.2465190562349027,1.6893733773812918,1.4728087599652175,2.2256853808413934,7.227692737515442
2006-03-31,3.274999760164451,4.063644675179075,3.1540975601386108,4.986716851813015,3.2096083451938107,1.5199690609874874,7.268535631310964
2006-04-30,3.1863627720555994,3.904135104720727,3.1386220381494883,8.250362913860572,5.363468346168765,1.0739354679631457,7.274409366057308
2006-05-31,3.05899586939307,3.7385075121584155,3.226879377050305,9.985374655495736,6.947230296008703,0.9463365607509302,7.2591588536994225
2006-06-30,2.9152126151501525,3.6941691011216866,3.4399821493642073,8.79484870041548,7.009979034364688,1.1845168329659324,7.237064849670291
2006-07-31,2.7857568069285095,3.772684610172005,3.7208163427906595,5.089306551882032,5.419998643395317,1.6980969444811846,7.223496200470892
2006-08-31,2.7081124179367277,3.8750046964410534,3.9497239065667684,0.7243494317752335,2.70054272805317,2.2865840333514775,7.234691707615073
2006-09-30,2.716517501747889,3.905297919614732,4.011511745864502,-2.4836640898610725,-0.5934999165173124,2.7573209926755218,7.285060308324269
2006-10-31,2.7927046788228957,3.859944857704573,3.885987289130057,-3.936148821848307,-3.7036266903084485,3.0845220227866887,7.360663968764131
2006-11-30,2.877409066185503,3.8073274477086128,3.627136655444285,-3.985386280060247,-5.7123484433519955,3.3726984492187713,7.425430659161103
2006-12-31,2.9142037721482863,3.81270015775879,3.2916859196957526,-3.0215405704561795,-5.778231145631987,3.7199613045140563,7.445946330694337
2007-01-31,2.9045845752333195,3.8669808283072613,2.947724911555136,-1.6211602577697943,-4.244039095499719,4.078972430606435,7.436675639254027
2007-02-28,2.8942153168404743,3.9044030199964173,2.67200872135758,-0.502918578557233,-2.355529254419994,4.291483572000184,7.448592428454901
2007-03-31,2.927518888435256,3.8627978359956536,2.534929888873577,-0.32730265387272395,-1.3083807579068067,4.205126726776261,7.52986398214303
2007-04-30,3.015409908719663,3.7515510482495564,2.5131692370451773,-0.8752511911032672,-1.2613746359582265,3.7910381169852214,7.675600673630301
2007-05-31,3.1438511885352076,3.6333313406390966,2.5136255153222797,-1.2727505168700977,-1.60116968827063,3.1123209152930005,7.841404249607856
2007-06-30,3.297471430153078,3.56735554156059,2.4466485726164975,-0.6922541808466222,-1.7223140521539766,2.2402159589950106,7.983905468343806
2007-07-31,3.450734309795177,3.5478933181950936,2.292935882790793,0.8399333221452465,-1.3810731097279774,1.3277205393370364,8.086843782096437
2007-08-31,3.570712033166407,3.5219881894623235,2.0843380002065373,2.6766321491672995,-0.5967339350913815,0.5872809264477759,8.153670654820859
2007-09-30,3.626214630205013,3.4414245181088226,1.857483531685989,4.186425391092858,0.5824737094761622,0.21620446787342176,8.188519476807603
2007-10-31,3.6113590979016226,3.335134502443299,1.6971623787770092,5.133407603416955,1.8025520536839064,0.19281953510676886,8.198677959378387
2007-11-30,3.5382310899663656,3.2868274687882653,1.7223603136863215,5.562497579549345,2.4923994617171816,0.3399732821028182,8.193673470297176
2007-12-31,3.4190013222026345,3.3730498714004313,2.0379587110787387,5.529618577626641,2.1423082508707774,0.47397956138696373,8.182681264358335
2008-01-31,3.2620179057301453,3.563366273059258,2.55833151649132,5.155216308964569,1.0904864091655928,0.3697701731705808,8.169741508292098
2008-02-29,3.0729788200111723,3.753172934865693,3.065777870272703,4.604468548467725,0.26298407618638553,-0.2264123913173306,8.155334319969716
2008-03-31,2.856697864377766,3.8444052394981636,3.3560552771426733,4.052323604792053,0.5329428466613011,-1.5222293934750093,8.13995183628561
2008-04-30,2.6076688548321356,3.8387080271800103,3.425005257089798,3.7839170477424426,1.9698048232653227,-3.145701754532011,8.125123352526293
2008-05-31,2.3134001054239284,3.805218554363162,3.403904362763636,4.15896919239948,4.098995302485129,-4.332497172013517,8.113080206970169
2008-06-30,1.9629295230244936,3.8101303952841254,3.4223203326941385,5.473837803510674,6.431709987362164,-4.383941964918423,8.102751645571567
2008-07-31,1.5652572161572402,3.8689447723954467,3.5585327566362683,7.2467385081751186,8.431752738150115,-3.4792584753077036,8.05323795076466
2008-08-31,1.1425754032357467,3.963662641647034,3.8569272227466493,8.48164823532984,9.53160830467314,-2.3778305429672155,7.897318257009737
2008-09-30,0.7168260060606568,4.076803741105261,4.344974522605506,8.246519215812238,9.207820587858503,-1.792644661637693,7.571614951818276
2008-10-31,0.30431656588429007,4.203837755471162,4.86051136369344,6.459226803891084,7.455589731400994,-1.7774923231467405,7.062864577493612
2008-11-30,-0.08228046026585126,4.348589173726237,5.119029883104297,3.5859838528231123,4.604732809813128,-1.9608779213133443,6.390135389107976
2008-12-31,-0.4312896712720556,4.514958780668618,4.867347994473925,0.09849043713606409,1.0258605847455402,-1.983921204484134,5.578391350895537
2009-01-31,-0.7415737686313717,4.706138974881813,4.22773803212296,-3.572646336398569,-2.5141225078919964,-1.7094649431086113,4.7128769867055915
2009-02-28,-1.01863238236909,4.924876011193822,3.558934646859532,-7.022699834941507,-4.998725091507355,-1.139993729749987,3.9168016970286375
2009-03-31,-1.267244651885159,5.171764861475807,3.1909327858980188,-9.848971752272545,-5.525697271524902,-0.2931785938427351,3.3052348874343984
2009-04-30,-1.483210386766663,5.42403491743381,3.1003585961613997,-11.666464848972703,-4.480059143483471,0.6715744940571289,2.898093215127871
2009-05-31,-1.6568091603571784,5.6445510775247225,3.04659714986374,-12.101063997378299,-3.038207732244268,1.5077249581098693,2.6567961375067912
2009-06-30,-1.778159616902102,5.801214611982674,2.8085661987770583,-10.857926809402288,-2.309009045628568,1.99174489922413,2.5415007525738478
2009-07-31,-1.8365313533213594,5.9172943961841,2.4047747353934312,-8.477231239130852,-2.5667799284309556,2.1564058764664944,2.5080424595355217
2009-08-31,-1.820684487921368,6.049283143393433,1.997500667631499,-6.000216834524021,-3.5850583669290534,2.188274283026112,2.5096633827070094
2009-09-30,-1.7205975268436569,6.243709396019843,1.7383342300575666,-4.346530741324389,-5.082642121900779,2.2552387265711418,2.502932262126593
2009-10-31,-1.5387797853250533,6.440583363729139,1.6495810068822663,-3.122686642148021,-6.2881370693418726,2.312797611680958,2.478798360913515
2009-11-30,-1.2850793523618655,6.517531898552998,1.677829939255628,-1.166150560473263,-6.143064084289563,2.1920612338082934,2.448346184748268
2009-12-31,-0.9698210267100945,6.371499032078427,1.7697890437575456,2.5017940577323885,-3.7580807252968906,1.7449273977685937,2.421780928838443
2010-01-31,-0.6071348878216931,6.098712502354314,1.882835569737932,6.941545654201201,0.04374884231454046,1.0449216385374147,2.3980689478023973
2010-02-28,-0.21332596951526528,5.909303068571338,1.9804448960292398,10.11706467088414,3.460613673583765,0.2922435101671065,2.3697529005135047
2010-03-31,0.19539367325111223,5.987230714117523,2.0297357295867773,10.219516367923177,4.848459498510235,-0.32453078700056076,2.3322018073621873
2010-04-30,0.6039506147097017,6.2521368631950125,2.032148519891181,7.74690715800112,4.189470045797899,-0.7427953249865454,2.3086676913137034
2010-05-31,0.9979065147867663,6.47623572048995,2.0082671283917306,4.48391502931058,2.3728850872780614,-0.9702057838249439,2.3379546937847246
2010-06-30,1.3612995260450689,6.457323864800491,1.9745113137214452,2.0800579737032114,0.26350074759039205,-1.018255315522267,2.4524219210121254
2010-07-31,1.6639070634400035,6.246496029071994,1.9065619085534888,0.7952308794580919,-1.5934196506690352,-0.927087956602795,2.622798455457266
2010-08-31,1.8677450562543414,6.032705873917736,1.7579273587701287,0.13301854027021398,-2.826520287675879,-0.7524411466680887,2.7862708967377365
2010-09-30,1.9409752205504551,5.984876381981855,1.5022178154550148,-0.3455302132792061,-3.098599098405061,-0.5474384023731041,2.8857813694724785
2010-10-31,1.9080112436590817,6.078399019515795,1.296741967764831,-0.4914922077272695,-2.365408894436121,-0.34016516125095875,2.9193309248377273
2010-11-30,1.823138419766501,6.185893789985041,1.39635833974265,0.15623592345752346,-0.7382709537156329,-0.14541083512968736,2.91415867573313
2010-12-31,1.735497849100539,6.193293155155521,2.0115973642609015,1.9522876829578693,1.6085890972006311,0.0217874306328846,2.8949331330044625
2011-01-31,1.6467049452826643,6.11157767671141,2.956374494602449,4.292389018991973,3.9618840072765735,0.143145470626733,2.8614172107213953
2011-02-28,1.533752676670798,6.0165137240843904,3.839124078505359,6.075468243414084,5.329045650432802,0.19869688023152698,2.800470554486266
2011-03-31,1.3778691687843339,5.975841401867828,4.313987803029897,6.31086338517968,4.85261695898595,0.17997574831973218,2.7022897122452934
2011-04-30,1.198095471592279,5.984336340046266,4.4388650346361835,4.983253054492092,2.84505369268762,0.17650920958801047,2.586397019713346
2011-05-31,1.032583831188869,5.999896873215889,4.4757200808172986,2.5702670259638736,0.2101023887154465,0.32735149416180986,2.4871364877264712
2011-06-30,0.9187869666039731,5.985251752576111,4.657508952296243,-0.3980914450844153,-2.1693747931548155,0.7380390143106305,2.4342799594766653
2011-07-31,0.8871602047261217,5.9453838103295436,4.964546990710947,-2.990622867550342,-3.620744685372549,1.2340724008956823,2.41888516208051
2011-08-31,0.9647090998386803,5.906107492536646,5.252595583661875,-4.078334664632301,-3.5750187644973224,1.5028923121986355,2.4129234409895695
2011-09-30,1.1702035757891986,5.8918219883522065,5.38106792352098,-2.77856477911514,-1.6433409785621864,1.286054272650542,2.39195683033237
2011-10-31,1.4565584898094794,5.914402102871345,5.245684414412452,-0.19536173468050544,1.1243294068194138,0.7668943727701107,2.361420281112274
2011-11-30,1.7450214059812352,5.97970012292408,4.759624270801271,1.6118894826217787,2.9861594587193316,0.3411848209522206,2.3411135375754233
2011-12-31,1.9663586480342252,6.089113854236237,3.871817934431034,0.9072839535797194,2.487481770417434,0.34924451702198545,2.3479058431879554
2012-01-31,2.1270389965723737,6.209648649270067,2.8087580607343705,-1.4784483607414383,0.44437856203427617,0.6889869220261238,2.3751312751344438
2012-02-29,2.269033747472786,6.292180679907887,1.9271068813719028,-3.5108914129837867,-1.2621444730545113,1.0508486660644052,2.4050865198083535
2012-03-31,2.4272868456681116,6.298136028254203,1.5305901117172924,-3.4691327838288895,-1.0427589575400753,1.1679888597192132,2.4223783262949077
2012-04-30,2.5820432210890587,6.26944242671855,1.5168578491752205,-2.0559604172649975,0.43929216289686335,1.1057435096476396,2.429566824265062
2012-05-31,2.688531963373786,6.284843927478635,1.5978471064551394,-1.0826081991913377,1.4905835076369653,1.0813651456978728,2.437422874450062
2012-06-30,2.7098110265801125,6.407081331710824,1.5201885321661224,-2.065298197502857,0.6909862964321949,1.2786783388343959,2.454989694916306
2012-07-31,2.667413691272229,6.579907063830272,1.2924851680830927,-4.310464043739295,-1.3323716593533788,1.6301171823352558,2.478304373066274
2012-08-31,2.6089499565676815,6.6940114005515206,1.040165061901877,-6.139097567571869,-3.039400840648944,1.9560097048307257,2.497603990914627
2012-09-30,2.5748977813200415,6.655594010540525,0.874854049834234,-6.1054422948689435,-3.1260305487574453,2.102970611143396,2.5044946922268543
2012-10-31,2.5539587028803528,6.483328049209869,0.805794337736166,-4.461441368966478,-2.003260018771738,2.1089741608052397,2.5005477288932583
2012-11-30,2.5123222337869664,6.244789354910347,0.7977124472951573,-2.1971858160371815,-0.8277888602904211,2.09519640518227,2.491667111902918
2012-12-31,2.4231510707913646,6.005227279794301,0.8178056343543332,-0.22060885107254022,-0.5972412119539229,2.162437834982464,2.4831900707412857
2013-01-31,2.3086256413719726,5.812361994238884,0.8516765402617238,1.151308829522513,-1.1844350069511886,2.2677750606536087,2.4763985992849835
2013-02-28,2.2117039505674208,5.70648341984188,0.8927294593424022,1.8520787819880016,-1.9854066582461072,2.3073631847508542,2.470855762950709
2013-03-31,2.1709854535992545,5.717214454675808,0.9323659871398209,1.905302089913081,-2.446253539692444,2.206470664313786,2.466192314974513
2013-04-30,2.1951742408290014,5.802431372476902,0.9482936612078523,1.9359539645734096,-2.3622386722254523,2.088159569627038,2.462537267921782
2013-05-31,2.2806217227499688,5.890364945539883,0.9125616732251929,2.81749569912172,-1.672899330651363,2.1572197303064473,2.4602255136979077
2013-06-30,2.416833327500912,5.918446322042064,0.8093549614534199,5.155983214957044,-0.402614149057806,2.559175248714186,2.4596913817423642
2013-07-31,2.5486978014423416,5.885025724407867,0.7025206455763847,7.799588818884092,0.8711269866738675,3.0493936945969775,2.46201670820194
2013-08-31,2.6031347935655713,5.812988161898334,0.6879893045933028,8.888507877796545,1.3480719962688434,3.2261094658839586,2.468544108613711
2013-09-30,2.526240915505801,5.725483229396273,0.8409826262649504,6.9766724395913435,0.42232420173931207,2.7745935620687865,2.47990309577181
2013-10-31,2.3866299906314885,5.6469171446219795,1.1041960364411931,3.2668891959172495,-1.26960959108222,1.9374966462615197,2.492174463335394
2013-11-30,2.3010057071018064,5.60218936882859,1.3683063921001968,0.0016883324813043998,-2.6035603556255333,1.1762493577176576,2.4996535636768225
2013-12-31,2.363256403728518,5.607822501393457,1.5382112571458817,-0.966518407263447,-2.6678987041376874,0.8753232080437847,2.4997078950121248
2014-01-31,2.5252013210055066,5.628428677850457,1.607682250131714,-0.21773727296624057,-1.8750415201284287,0.9391433879166002,2.5087662062656544
2014-02-28,2.684317249596336,5.608763908717652,1.604485953422423,0.737608144291646,-1.1438628894199483,1.0885139246476114,2.55054831157288
2014-03-31,2.7541104106244596,5.506156541895949,1.5580874630263575,0.6122903858752649,-1.222765085139757,1.089167491875523,2.6443457277634668
2014-04-30,2.7453291534123903,5.353928180437518,1.5077730421155457,-0.524794181901257,-1.8268555542872824,0.9797754634082263,2.782679602453782
2014-05-31,2.704965559358775,5.213724356850844,1.4964894635397281,-2.099299656768763,-2.286115857300101,0.9007379319262193,2.948093328687014
2014-06-30,2.6802852999644977,5.1390309888238015,1.552677115169483,-3.562997807327184,-2.0434076209938388,0.9754755432292043,3.121960555063802
2014-07-31,2.7197965019636485,5.135237106575054,1.6197332280878805,-4.5257399387990045,-1.2068977845299127,1.2268975925253136,3.2788996023033254
2014-08-31,2.8724584764448586,5.190265869079842,1.6101725188382676,-4.654782252610206,-0.12635180902038168,1.6414137510281506,3.391075665918719
2014-09-30,3.166615795762846,5.2893077609197485,1.4585890084651565,-3.7636226646701103,0.8356682608307834,2.189366265280023,3.4373030999999727
2014-10-31,3.5131105002160528,5.402118352894308,1.2256719751569165,-2.498838316483667,1.245608619291731,2.749810977004041,3.434314568653433
2014-11-30,3.7812154251991332,5.492992762462585,1.0167197747947763,-1.8017271561956671,0.6448005034547379,3.169509076902121,3.4122572043470187
2014-12-31,3.869260093129324,5.532855232812161,0.9143128767113871,-2.3616901246284816,-1.2268744573634593,3.3264342712716215,3.3976235404130612
2015-01-31,3.8369450756119408,5.529420114067158,0.8747865460610311,-3.4695984277198386,-3.5285146324206265,3.2718247367916478,3.3965571555993654
2015-02-28,3.799581643730865,5.503080136959165,0.8109702014072003,-3.9343705469886565,-5.03979164294712,3.1166279873563267,3.408189096952439
2015-03-31,3.8509680368832893,5.4743567615790045,0.6568256061233888,-2.8177749348769434,-4.752434622060226,2.9775423148504565,3.4276817558188015
2015-04-30,3.9685831045356412,5.464402065054951,0.4605196579208669,-0.5478583457020991,-2.803903848587564,3.0019851236253445,3.4288261238656315
2015-05-31,4.090861991825332,5.4945797970934205,0.30855328893624884,1.988728220775454,0.2837648939031814,3.347684978923918,3.3782396801525056
2015-06-30,4.16350139496941,5.5730953427046686,0.2694227707546773,3.943406575157509,3.8729001389584465,4.07349295058977,3.2529062957479273
2015-07-31,4.170456585934668,5.639099393901917,0.3169896959319808,4.669170388102984,6.7204687757826935,4.719320411656645,3.0842393798835963
2015-08-31,4.108189830758972,5.609168184058217,0.3941789233285016,3.584908570990674,7.385540768557056,4.6554337448767455,2.9214457357625796
2015-09-30,3.9805190973938225,5.42785481183279,0.44932538301298663,0.4433957014682181,4.88414642679784,3.4648704686695,2.803634917901212
2015-10-31,3.828786079317715,5.182633711139672,0.45847840829822195,-3.2978892407749574,0.5662293108248817,1.8176151081889926,2.718306271962042
2015-11-30,3.706278287649705,5.006478854755842,0.4065103158900324,-5.638768286760955,-3.475257051577511,0.7296858125175545,2.6365288415867223
2015-12-31,3.6551632302066444,4.999734609291248,0.28999775202642225,-5.095825717501281,-5.512807819751649,0.9828549551085262,2.5358076704907004
2016-01-31,3.6623313374438653,5.100522980949268,0.16365417527928064,-2.7544235053356356,-5.636284275922024,2.194270632872269,2.4256608746666757
2016-02-29,3.6975372899975767,5.196677467284096,0.10021530442286491,-0.4962380075282473,-4.4989264607049435,3.6200504543377567,2.3255305390230183
2016-03-31,3.7347374880614335,5.197789277768597,0.15230292923312766,0.16081591956132246,-2.75000806034,4.6317121810657005,2.2510337463051084
2016-04-30,3.768229602977493,5.118726024771995,0.27525788051623523,-0.541153279779262,-1.0187960786379522,5.159285016025095,2.1992784116965147
2016-05-31,3.7984510281894805,5.006131498903856,0.39505812136469864,-1.8287992715752086,0.07148121186696077,5.301376861904796,2.1617857225734096
2016-06-30,3.8266351844702826,4.905393205942339,0.45116034025686175,-2.9714942637600332,0.07191887552976808,5.138231217410082,2.129517953393975
2016-07-31,3.857755157172884,4.8559559720699665,0.4464741375851314,-3.4401445338483327,-0.6461167690671568,4.663512275444955,2.090812910498204
2016-08-31,3.897882994187504,4.895518268386726,0.40255580559834553,-2.764880492348825,-1.4702090739732263,3.845441462179442,2.0332371566879934
2016-09-30,3.9486205235352165,5.040667640443186,0.3458271868724112,-0.6784819355068006,-1.8717810894094846,2.716313046545798,1.9494037701936473
2016-10-31,3.991097555174784,5.2113153848677625,0.32498035329225045,2.1582765680847387,-1.7063481010611048,1.6018581311608564,1.855036786065548
2016-11-30,4.000587097313465,5.299714869193034,0.3950786254211657,4.8191321432317515,-0.9393096312606366,0.9117566192064857,1.7724720102098164
2016-12-31,3.9598701199008524,5.229399324178651,0.596993523773857,6.530412618649085,0.3801486578552918,0.9186627247256934,1.7192718907343498
2017-01-31,3.885192935180227,5.063327312934003,0.9083409390479404,7.198642780805516,1.8294425476764227,1.2844723431368799,1.691721490441224
2017-02-28,3.802121905968172,4.903287156749218,1.2891201583585343,6.919781308417255,2.8819968488806107,1.500986040556457,1.680180150370043
2017-03-31,3.7307225092357394,4.827344436729966,1.6905994411522876,5.8204657786196465,3.114067749423096,1.2013033029824292,1.6758799930452695
2017-04-30,3.6671957633568266,4.8106487677762075,2.0261752014828263,4.160383764800734,2.548011333776514,0.631507181692774,1.6738403353583529
2017-05-31,3.601273119505344,4.800449623805881,2.198976935017103,2.2352922063564966,1.3271197322359258,0.20385832432404483,1.670107188703656
2017-06-30,3.526753944989196,4.755401659394632,2.145342869608935,0.35783812405029597,-0.3361927998774145,0.23060372825320613,1.6618292846276919
2017-07-31,3.4546136999055315,4.682316740447587,1.941826254194146,-1.0880207716579293,-1.9376732070565579,0.6016989993095139,1.6508111913886845
2017-08-31,3.4003602709944944,4.600714455770541,1.7019802715757923,-1.6995093085094837,-2.8960580234729023,1.0956655086775449,1.6400860592405722
2017-09-30,3.379501570126368,4.530114464627552,1.5393583097039352,-1.073852209912007,-2.6300833563119883,1.4910240096921095,1.6326870452491942
2017-10-31,3.4075455091714417,4.490036426282683,1.5675137565286483,1.1917258007270695,-0.5584853127591471,1.5662952556879997,1.63164730648039
2017-11-30,3.5,4.5,1.9,5.5,3.8999999999999995,1.0999999999999999,1.64
